-- Schema for StefanFinance2025

PRAGMA foreign_keys = ON;      -- Referenzielle Integrität aktivieren

BEGIN TRANSACTION;

CREATE TABLE Users (
    Id INTEGER PRIMARY KEY AUTOINCREMENT,
    Username TEXT NOT NULL UNIQUE,
    PasswordHash TEXT NOT NULL
);

INSERT INTO Users (Username, PasswordHash) VALUES
('Stefan', '03ac674216f3e15c761ee1a5e255f067953623c8b388b4459e13f978d7c846f4'),
('Stefan2', '03ac674216f3e15c761ee1a5e255f067953623c8b388b4459e13f978d7c846f4'),
('Stefan3', '03ac674216f3e15c761ee1a5e255f067953623c8b388b4459e13f978d7c846f4'),
('Stefan4', '03ac674216f3e15c761ee1a5e255f067953623c8b388b4459e13f978d7c846f4');


CREATE TABLE Entries (
    Id INTEGER PRIMARY KEY AUTOINCREMENT,
    Datum DATE NOT NULL,
    Betrag REAL NOT NULL,
    Name TEXT NOT NULL,
    UserId INTEGER NOT NULL,
    FOREIGN KEY (UserId) REFERENCES Users(Id)
);

INSERT INTO Entries (Datum, Betrag, Name, UserId) VALUES
('2025-01-01', 3000.0, 'Gehalt', 1),
('2025-01-02', -50.0, 'Tanken', 1),
('2025-01-03', -30.0, 'Restaurant', 1),
('2025-01-04', -5.0, 'Kaffee', 1),
('2025-01-05', -3.0, 'ÖPNV', 1),
('2025-01-06', -12.0, 'Abo: Streaming', 1),
('2025-01-07', -80.0, 'Supermarkt', 1),
('2025-01-08', -25.0, 'Fitnessstudio', 1),
('2025-01-09', -60.0, 'Strom', 1),
('2025-01-10', -40.0, 'Wasser', 1),
('2025-01-11', -700.0, 'Miete', 1),
('2025-01-12', -35.0, 'Internet', 1),
('2025-01-13', -20.0, 'Handy', 1),
('2025-01-14', -55.0, 'Tanken', 1),
('2025-01-15', -40.0, 'Restaurant', 1),
('2025-01-16', -6.0, 'Kaffee', 1),
('2025-01-17', -3.0, 'ÖPNV', 1),
('2025-01-18', -10.0, 'Abo: Musik', 1),
('2025-01-19', -90.0, 'Supermarkt', 1),
('2025-01-20', -100.0, 'Versicherungen', 1),
('2025-01-21', -60.0, 'Kleidung', 1),
('2025-01-22', -50.0, 'Geschenke', 1),
('2025-01-23', -15.0, 'Kino', 1),
('2025-01-24', -60.0, 'Tanken', 1),
('2025-01-25', -45.0, 'Restaurant', 1),
('2025-01-26', -5.0, 'Kaffee', 1),
('2025-01-27', -3.0, 'ÖPNV', 1),
('2025-01-28', -20.0, 'Abo: Software', 1),
('2025-01-29', -85.0, 'Supermarkt', 1),
('2025-01-30', -500.0, 'Sparen', 1),
('2025-02-01', 3000.0, 'Gehalt', 1),
('2025-02-02', -50.0, 'Tanken', 1),
('2025-02-03', -30.0, 'Restaurant', 1),
('2025-02-04', -5.0, 'Kaffee', 1),
('2025-02-05', -3.0, 'ÖPNV', 1),
('2025-02-06', -12.0, 'Abo: Streaming', 1),
('2025-02-07', -80.0, 'Supermarkt', 1),
('2025-02-08', -25.0, 'Fitnessstudio', 1),
('2025-02-09', -60.0, 'Strom', 1),
('2025-02-10', -40.0, 'Wasser', 1),
('2025-02-11', -700.0, 'Miete', 1),
('2025-02-12', -35.0, 'Internet', 1),
('2025-02-13', -20.0, 'Handy', 1),
('2025-02-14', -55.0, 'Tanken', 1),
('2025-02-15', -40.0, 'Restaurant', 1),
('2025-02-16', -6.0, 'Kaffee', 1),
('2025-02-17', -3.0, 'ÖPNV', 1),
('2025-02-18', -10.0, 'Abo: Musik', 1),
('2025-02-19', -90.0, 'Supermarkt', 1),
('2025-02-20', -100.0, 'Versicherungen', 1),
('2025-02-21', -60.0, 'Kleidung', 1),
('2025-02-22', -50.0, 'Geschenke', 1),
('2025-02-23', -15.0, 'Kino', 1),
('2025-02-24', -60.0, 'Tanken', 1),
('2025-02-25', -45.0, 'Restaurant', 1),
('2025-02-26', -5.0, 'Kaffee', 1),
('2025-02-27', -3.0, 'ÖPNV', 1),
('2025-02-28', -20.0, 'Abo: Software', 1),
('2025-02-28', -85.0, 'Supermarkt', 1),
('2025-02-28', -500.0, 'Sparen', 1),
('2025-03-01', 3000.0, 'Gehalt', 1),
('2025-03-02', -50.0, 'Tanken', 1),
('2025-03-03', -30.0, 'Restaurant', 1),
('2025-03-04', -5.0, 'Kaffee', 1),
('2025-03-05', -3.0, 'ÖPNV', 1),
('2025-03-06', -12.0, 'Abo: Streaming', 1),
('2025-03-07', -80.0, 'Supermarkt', 1),
('2025-03-08', -25.0, 'Fitnessstudio', 1),
('2025-03-09', -60.0, 'Strom', 1),
('2025-03-10', -40.0, 'Wasser', 1),
('2025-03-11', -700.0, 'Miete', 1),
('2025-03-12', -35.0, 'Internet', 1),
('2025-03-13', -20.0, 'Handy', 1),
('2025-03-14', -55.0, 'Tanken', 1),
('2025-03-15', -40.0, 'Restaurant', 1),
('2025-03-16', -6.0, 'Kaffee', 1),
('2025-03-17', -3.0, 'ÖPNV', 1),
('2025-03-18', -10.0, 'Abo: Musik', 1),
('2025-03-19', -90.0, 'Supermarkt', 1),
('2025-03-20', -100.0, 'Versicherungen', 1),
('2025-03-21', -60.0, 'Kleidung', 1),
('2025-03-22', -50.0, 'Geschenke', 1),
('2025-03-23', -15.0, 'Kino', 1),
('2025-03-24', -60.0, 'Tanken', 1),
('2025-03-25', -45.0, 'Restaurant', 1),
('2025-03-26', -5.0, 'Kaffee', 1),
('2025-03-27', -3.0, 'ÖPNV', 1),
('2025-03-28', -20.0, 'Abo: Software', 1),
('2025-03-29', -85.0, 'Supermarkt', 1),
('2025-03-30', -500.0, 'Sparen', 1),
('2025-04-01', 3000.0, 'Gehalt', 1),
('2025-04-02', -50.0, 'Tanken', 1),
('2025-04-03', -30.0, 'Restaurant', 1),
('2025-04-04', -5.0, 'Kaffee', 1),
('2025-04-05', -3.0, 'ÖPNV', 1),
('2025-04-06', -12.0, 'Abo: Streaming', 1),
('2025-04-07', -80.0, 'Supermarkt', 1),
('2025-04-08', -25.0, 'Fitnessstudio', 1),
('2025-04-09', -60.0, 'Strom', 1),
('2025-04-10', -40.0, 'Wasser', 1),
('2025-04-11', -700.0, 'Miete', 1),
('2025-04-12', -35.0, 'Internet', 1),
('2025-04-13', -20.0, 'Handy', 1),
('2025-04-14', -55.0, 'Tanken', 1),
('2025-04-15', -40.0, 'Restaurant', 1),
('2025-04-16', -6.0, 'Kaffee', 1),
('2025-04-17', -3.0, 'ÖPNV', 1),
('2025-04-18', -10.0, 'Abo: Musik', 1),
('2025-04-19', -90.0, 'Supermarkt', 1),
('2025-04-20', -100.0, 'Versicherungen', 1),
('2025-04-21', -60.0, 'Kleidung', 1),
('2025-04-22', -50.0, 'Geschenke', 1),
('2025-04-23', -15.0, 'Kino', 1),
('2025-04-24', -60.0, 'Tanken', 1),
('2025-04-25', -45.0, 'Restaurant', 1),
('2025-04-26', -5.0, 'Kaffee', 1),
('2025-04-27', -3.0, 'ÖPNV', 1),
('2025-04-28', -20.0, 'Abo: Software', 1),
('2025-04-29', -85.0, 'Supermarkt', 1),
('2025-04-30', -500.0, 'Sparen', 1),
('2025-05-01', 3000.0, 'Gehalt', 1),
('2025-05-02', -50.0, 'Tanken', 1),
('2025-05-03', -30.0, 'Restaurant', 1),
('2025-05-04', -5.0, 'Kaffee', 1),
('2025-05-05', -3.0, 'ÖPNV', 1),
('2025-05-06', -12.0, 'Abo: Streaming', 1),
('2025-05-07', -80.0, 'Supermarkt', 1),
('2025-05-08', -25.0, 'Fitnessstudio', 1),
('2025-05-09', -60.0, 'Strom', 1),
('2025-05-10', -40.0, 'Wasser', 1),
('2025-05-11', -700.0, 'Miete', 1),
('2025-05-12', -35.0, 'Internet', 1),
('2025-05-13', -20.0, 'Handy', 1),
('2025-05-14', -55.0, 'Tanken', 1),
('2025-05-15', -40.0, 'Restaurant', 1),
('2025-05-16', -6.0, 'Kaffee', 1),
('2025-05-17', -3.0, 'ÖPNV', 1),
('2025-05-18', -10.0, 'Abo: Musik', 1),
('2025-05-19', -90.0, 'Supermarkt', 1),
('2025-05-20', -100.0, 'Versicherungen', 1),
('2025-05-21', -60.0, 'Kleidung', 1),
('2025-05-22', -50.0, 'Geschenke', 1),
('2025-05-23', -15.0, 'Kino', 1),
('2025-05-24', -60.0, 'Tanken', 1),
('2025-05-25', -45.0, 'Restaurant', 1),
('2025-05-26', -5.0, 'Kaffee', 1),
('2025-05-27', -3.0, 'ÖPNV', 1),
('2025-05-28', -20.0, 'Abo: Software', 1),
('2025-05-29', -85.0, 'Supermarkt', 1),
('2025-05-30', -500.0, 'Sparen', 1),
('2025-06-01', 3000.0, 'Gehalt', 1),
('2025-06-02', -50.0, 'Tanken', 1),
('2025-06-03', -30.0, 'Restaurant', 1),
('2025-06-04', -5.0, 'Kaffee', 1),
('2025-06-05', -3.0, 'ÖPNV', 1),
('2025-06-06', -12.0, 'Abo: Streaming', 1),
('2025-06-07', -80.0, 'Supermarkt', 1),
('2025-06-08', -25.0, 'Fitnessstudio', 1),
('2025-06-09', -60.0, 'Strom', 1),
('2025-06-10', -40.0, 'Wasser', 1),
('2025-06-11', -700.0, 'Miete', 1),
('2025-06-12', -35.0, 'Internet', 1),
('2025-06-13', -20.0, 'Handy', 1),
('2025-06-14', -55.0, 'Tanken', 1),
('2025-06-15', -40.0, 'Restaurant', 1),
('2025-06-16', -6.0, 'Kaffee', 1),
('2025-06-17', -3.0, 'ÖPNV', 1),
('2025-06-18', -10.0, 'Abo: Musik', 1),
('2025-06-19', -90.0, 'Supermarkt', 1),
('2025-06-20', -100.0, 'Versicherungen', 1),
('2025-06-21', -60.0, 'Kleidung', 1),
('2025-06-22', -50.0, 'Geschenke', 1),
('2025-06-23', -15.0, 'Kino', 1),
('2025-06-24', -60.0, 'Tanken', 1),
('2025-06-25', -45.0, 'Restaurant', 1),
('2025-06-26', -5.0, 'Kaffee', 1),
('2025-06-27', -3.0, 'ÖPNV', 1),
('2025-06-28', -20.0, 'Abo: Software', 1),
('2025-06-29', -85.0, 'Supermarkt', 1),
('2025-06-30', -500.0, 'Sparen', 1),
('2025-07-01', 3000.0, 'Gehalt', 1),
('2025-07-02', -50.0, 'Tanken', 1),
('2025-07-03', -30.0, 'Restaurant', 1),
('2025-07-04', -5.0, 'Kaffee', 1),
('2025-07-05', -3.0, 'ÖPNV', 1),
('2025-07-06', -12.0, 'Abo: Streaming', 1),
('2025-07-07', -80.0, 'Supermarkt', 1),
('2025-07-08', -25.0, 'Fitnessstudio', 1),
('2025-07-09', -60.0, 'Strom', 1),
('2025-07-10', -40.0, 'Wasser', 1),
('2025-07-11', -700.0, 'Miete', 1),
('2025-07-12', -35.0, 'Internet', 1),
('2025-07-13', -20.0, 'Handy', 1),
('2025-07-14', -55.0, 'Tanken', 1),
('2025-07-15', -40.0, 'Restaurant', 1),
('2025-07-16', -6.0, 'Kaffee', 1),
('2025-07-17', -3.0, 'ÖPNV', 1),
('2025-07-18', -10.0, 'Abo: Musik', 1),
('2025-07-19', -90.0, 'Supermarkt', 1),
('2025-07-20', -100.0, 'Versicherungen', 1),
('2025-07-21', -60.0, 'Kleidung', 1),
('2025-07-22', -50.0, 'Geschenke', 1),
('2025-07-23', -15.0, 'Kino', 1),
('2025-07-24', -60.0, 'Tanken', 1),
('2025-07-25', -45.0, 'Restaurant', 1),
('2025-07-26', -5.0, 'Kaffee', 1),
('2025-07-27', -3.0, 'ÖPNV', 1),
('2025-07-28', -20.0, 'Abo: Software', 1),
('2025-07-29', -85.0, 'Supermarkt', 1),
('2025-07-30', -500.0, 'Sparen', 1),
('2025-08-01', 3000.0, 'Gehalt', 1),
('2025-08-02', -50.0, 'Tanken', 1),
('2025-08-03', -30.0, 'Restaurant', 1),
('2025-08-04', -5.0, 'Kaffee', 1),
('2025-08-05', -3.0, 'ÖPNV', 1),
('2025-08-06', -12.0, 'Abo: Streaming', 1),
('2025-08-07', -80.0, 'Supermarkt', 1),
('2025-08-08', -25.0, 'Fitnessstudio', 1),
('2025-08-09', -60.0, 'Strom', 1),
('2025-08-10', -40.0, 'Wasser', 1),
('2025-08-11', -700.0, 'Miete', 1),
('2025-08-12', -35.0, 'Internet', 1),
('2025-08-13', -20.0, 'Handy', 1),
('2025-08-14', -55.0, 'Tanken', 1),
('2025-08-15', -40.0, 'Restaurant', 1),
('2025-08-16', -6.0, 'Kaffee', 1),
('2025-08-17', -3.0, 'ÖPNV', 1),
('2025-08-18', -10.0, 'Abo: Musik', 1),
('2025-08-19', -90.0, 'Supermarkt', 1),
('2025-08-20', -100.0, 'Versicherungen', 1),
('2025-08-21', -60.0, 'Kleidung', 1),
('2025-08-22', -50.0, 'Geschenke', 1),
('2025-08-23', -15.0, 'Kino', 1),
('2025-08-24', -60.0, 'Tanken', 1),
('2025-08-25', -45.0, 'Restaurant', 1),
('2025-08-26', -5.0, 'Kaffee', 1),
('2025-08-27', -3.0, 'ÖPNV', 1),
('2025-08-28', -20.0, 'Abo: Software', 1),
('2025-08-29', -85.0, 'Supermarkt', 1),
('2025-08-30', -500.0, 'Sparen', 1),
('2025-09-01', 3000.0, 'Gehalt', 1),
('2025-09-02', -50.0, 'Tanken', 1),
('2025-09-03', -30.0, 'Restaurant', 1),
('2025-09-04', -5.0, 'Kaffee', 1),
('2025-09-05', -3.0, 'ÖPNV', 1),
('2025-09-06', -12.0, 'Abo: Streaming', 1),
('2025-09-07', -80.0, 'Supermarkt', 1),
('2025-09-08', -25.0, 'Fitnessstudio', 1),
('2025-09-09', -60.0, 'Strom', 1),
('2025-09-10', -40.0, 'Wasser', 1),
('2025-09-11', -700.0, 'Miete', 1),
('2025-09-12', -35.0, 'Internet', 1),
('2025-09-13', -20.0, 'Handy', 1),
('2025-09-14', -55.0, 'Tanken', 1),
('2025-09-15', -40.0, 'Restaurant', 1),
('2025-09-16', -6.0, 'Kaffee', 1),
('2025-09-17', -3.0, 'ÖPNV', 1),
('2025-09-18', -10.0, 'Abo: Musik', 1),
('2025-09-19', -90.0, 'Supermarkt', 1),
('2025-09-20', -100.0, 'Versicherungen', 1),
('2025-09-21', -60.0, 'Kleidung', 1),
('2025-09-22', -50.0, 'Geschenke', 1),
('2025-09-23', -15.0, 'Kino', 1),
('2025-09-24', -60.0, 'Tanken', 1),
('2025-09-25', -45.0, 'Restaurant', 1),
('2025-09-26', -5.0, 'Kaffee', 1),
('2025-09-27', -3.0, 'ÖPNV', 1),
('2025-09-28', -20.0, 'Abo: Software', 1),
('2025-09-29', -85.0, 'Supermarkt', 1),
('2025-09-30', -500.0, 'Sparen', 1),
('2025-10-01', 3000.0, 'Gehalt', 1),
('2025-10-02', -50.0, 'Tanken', 1),
('2025-10-03', -30.0, 'Restaurant', 1),
('2025-10-04', -5.0, 'Kaffee', 1),
('2025-10-05', -3.0, 'ÖPNV', 1),
('2025-10-06', -12.0, 'Abo: Streaming', 1),
('2025-10-07', -80.0, 'Supermarkt', 1),
('2025-10-08', -25.0, 'Fitnessstudio', 1),
('2025-10-09', -60.0, 'Strom', 1),
('2025-10-10', -40.0, 'Wasser', 1),
('2025-10-11', -700.0, 'Miete', 1),
('2025-10-12', -35.0, 'Internet', 1),
('2025-10-13', -20.0, 'Handy', 1),
('2025-10-14', -55.0, 'Tanken', 1),
('2025-10-15', -40.0, 'Restaurant', 1),
('2025-10-16', -6.0, 'Kaffee', 1),
('2025-10-17', -3.0, 'ÖPNV', 1),
('2025-10-18', -10.0, 'Abo: Musik', 1),
('2025-10-19', -90.0, 'Supermarkt', 1),
('2025-10-20', -100.0, 'Versicherungen', 1),
('2025-10-21', -60.0, 'Kleidung', 1),
('2025-10-22', -50.0, 'Geschenke', 1),
('2025-10-23', -15.0, 'Kino', 1),
('2025-10-24', -60.0, 'Tanken', 1),
('2025-10-25', -45.0, 'Restaurant', 1),
('2025-10-26', -5.0, 'Kaffee', 1),
('2025-10-27', -3.0, 'ÖPNV', 1),
('2025-10-28', -20.0, 'Abo: Software', 1),
('2025-10-29', -85.0, 'Supermarkt', 1),
('2025-10-30', -500.0, 'Sparen', 1),
('2025-11-01', 3000.0, 'Gehalt', 1),
('2025-11-02', -50.0, 'Tanken', 1),
('2025-11-03', -30.0, 'Restaurant', 1),
('2025-11-04', -5.0, 'Kaffee', 1),
('2025-11-05', -3.0, 'ÖPNV', 1),
('2025-11-06', -12.0, 'Abo: Streaming', 1),
('2025-11-07', -80.0, 'Supermarkt', 1),
('2025-11-08', -25.0, 'Fitnessstudio', 1),
('2025-11-09', -60.0, 'Strom', 1),
('2025-11-10', -40.0, 'Wasser', 1),
('2025-11-11', -700.0, 'Miete', 1),
('2025-11-12', -35.0, 'Internet', 1),
('2025-11-13', -20.0, 'Handy', 1),
('2025-11-14', -55.0, 'Tanken', 1),
('2025-11-15', -40.0, 'Restaurant', 1),
('2025-11-16', -6.0, 'Kaffee', 1),
('2025-11-17', -3.0, 'ÖPNV', 1),
('2025-11-18', -10.0, 'Abo: Musik', 1),
('2025-11-19', -90.0, 'Supermarkt', 1),
('2025-11-20', -100.0, 'Versicherungen', 1),
('2025-11-21', -60.0, 'Kleidung', 1),
('2025-11-22', -50.0, 'Geschenke', 1),
('2025-11-23', -15.0, 'Kino', 1),
('2025-11-24', -60.0, 'Tanken', 1),
('2025-11-25', -45.0, 'Restaurant', 1),
('2025-11-26', -5.0, 'Kaffee', 1),
('2025-11-27', -3.0, 'ÖPNV', 1),
('2025-11-28', -20.0, 'Abo: Software', 1),
('2025-11-29', -85.0, 'Supermarkt', 1),
('2025-11-30', -500.0, 'Sparen', 1),
('2025-12-01', 3000.0, 'Gehalt', 1),
('2025-12-02', -50.0, 'Tanken', 1),
('2025-12-03', -30.0, 'Restaurant', 1),
('2025-12-04', -5.0, 'Kaffee', 1),
('2025-12-05', -3.0, 'ÖPNV', 1),
('2025-12-06', -12.0, 'Abo: Streaming', 1),
('2025-12-07', -80.0, 'Supermarkt', 1),
('2025-12-08', -25.0, 'Fitnessstudio', 1),
('2025-12-09', -60.0, 'Strom', 1),
('2025-12-10', -40.0, 'Wasser', 1),
('2025-12-11', -700.0, 'Miete', 1),
('2025-12-12', -35.0, 'Internet', 1),
('2025-12-13', -20.0, 'Handy', 1),
('2025-12-14', -55.0, 'Tanken', 1),
('2025-12-15', -40.0, 'Restaurant', 1),
('2025-12-16', -6.0, 'Kaffee', 1),
('2025-12-17', -3.0, 'ÖPNV', 1),
('2025-12-18', -10.0, 'Abo: Musik', 1),
('2025-12-19', -90.0, 'Supermarkt', 1),
('2025-12-20', -100.0, 'Versicherungen', 1),
('2025-12-21', -60.0, 'Kleidung', 1),
('2025-12-22', -50.0, 'Geschenke', 1),
('2025-12-23', -15.0, 'Kino', 1),
('2025-12-24', -60.0, 'Tanken', 1),
('2025-12-25', -45.0, 'Restaurant', 1),
('2025-12-26', -5.0, 'Kaffee', 1),
('2025-12-27', -3.0, 'ÖPNV', 1),
('2025-12-28', -20.0, 'Abo: Software', 1),
('2025-12-29', -85.0, 'Supermarkt', 1),
('2025-12-30', -500.0, 'Sparen', 1);

CREATE TABLE Entries2 (
    Id INTEGER PRIMARY KEY AUTOINCREMENT,
    Datum DATE NOT NULL,
    Betrag REAL NOT NULL,
    Name TEXT NOT NULL,
    UserId INTEGER NOT NULL,
    FOREIGN KEY (UserId) REFERENCES Users(Id)
);

INSERT INTO Entries2 (Datum, Betrag, Name, UserId) VALUES
('2025-01-01', 3000.0, 'Gehalt User2', 2),
('2025-01-02', -50.0, 'Tanken User2', 2),
('2025-01-03', -30.0, 'Restaurant User2', 2),
('2025-01-04', -5.0, 'Kaffee User2', 2),
('2025-01-05', -3.0, 'ÖPNV User2', 2),
('2025-01-06', -12.0, 'Abo: Streaming User2', 2),
('2025-01-07', -80.0, 'Supermarkt User2', 2),
('2025-01-08', -25.0, 'Fitnessstudio User2', 2),
('2025-01-09', -60.0, 'Strom User2', 2),
('2025-01-10', -40.0, 'Wasser User2', 2),
('2025-01-11', -700.0, 'Miete User2', 2),
('2025-01-12', -35.0, 'Internet User2', 2),
('2025-01-13', -20.0, 'Handy User2', 2),
('2025-01-14', -55.0, 'Tanken User2', 2),
('2025-01-15', -40.0, 'Restaurant User2', 2),
('2025-01-16', -6.0, 'Kaffee User2', 2),
('2025-01-17', -3.0, 'ÖPNV User2', 2),
('2025-01-18', -10.0, 'Abo: Musik User2', 2),
('2025-01-19', -90.0, 'Supermarkt User2', 2),
('2025-01-20', -100.0, 'Versicherungen User2', 2),
('2025-01-21', -60.0, 'Kleidung User2', 2),
('2025-01-22', -50.0, 'Geschenke User2', 2),
('2025-01-23', -15.0, 'Kino User2', 2),
('2025-01-24', -60.0, 'Tanken User2', 2),
('2025-01-25', -45.0, 'Restaurant User2', 2),
('2025-01-26', -5.0, 'Kaffee User2', 2),
('2025-01-27', -3.0, 'ÖPNV User2', 2),
('2025-01-28', -20.0, 'Abo: Software User2', 2),
('2025-01-29', -85.0, 'Supermarkt User2', 2),
('2025-01-30', -500.0, 'Sparen User2', 2),
('2025-02-01', 3000.0, 'Gehalt User2', 2),
('2025-02-02', -50.0, 'Tanken User2', 2),
('2025-02-03', -30.0, 'Restaurant User2', 2),
('2025-02-04', -5.0, 'Kaffee User2', 2),
('2025-02-05', -3.0, 'ÖPNV User2', 2),
('2025-02-06', -12.0, 'Abo: Streaming User2', 2),
('2025-02-07', -80.0, 'Supermarkt User2', 2),
('2025-02-08', -25.0, 'Fitnessstudio User2', 2),
('2025-02-09', -60.0, 'Strom User2', 2),
('2025-02-10', -40.0, 'Wasser User2', 2),
('2025-02-11', -700.0, 'Miete User2', 2),
('2025-02-12', -35.0, 'Internet User2', 2),
('2025-02-13', -20.0, 'Handy User2', 2),
('2025-02-14', -55.0, 'Tanken User2', 2),
('2025-02-15', -40.0, 'Restaurant User2', 2),
('2025-02-16', -6.0, 'Kaffee User2', 2),
('2025-02-17', -3.0, 'ÖPNV User2', 2),
('2025-02-18', -10.0, 'Abo: Musik User2', 2),
('2025-02-19', -90.0, 'Supermarkt User2', 2),
('2025-02-20', -100.0, 'Versicherungen User2', 2),
('2025-02-21', -60.0, 'Kleidung User2', 2),
('2025-02-22', -50.0, 'Geschenke User2', 2),
('2025-02-23', -15.0, 'Kino User2', 2),
('2025-02-24', -60.0, 'Tanken User2', 2),
('2025-02-25', -45.0, 'Restaurant User2', 2),
('2025-02-26', -5.0, 'Kaffee User2', 2),
('2025-02-27', -3.0, 'ÖPNV User2', 2),
('2025-02-28', -20.0, 'Abo: Software User2', 2),
('2025-02-28', -85.0, 'Supermarkt User2', 2),
('2025-02-28', -500.0, 'Sparen User2', 2),
('2025-03-01', 3000.0, 'Gehalt User2', 2),
('2025-03-02', -50.0, 'Tanken User2', 2),
('2025-03-03', -30.0, 'Restaurant User2', 2),
('2025-03-04', -5.0, 'Kaffee User2', 2),
('2025-03-05', -3.0, 'ÖPNV User2', 2),
('2025-03-06', -12.0, 'Abo: Streaming User2', 2),
('2025-03-07', -80.0, 'Supermarkt User2', 2),
('2025-03-08', -25.0, 'Fitnessstudio User2', 2),
('2025-03-09', -60.0, 'Strom User2', 2),
('2025-03-10', -40.0, 'Wasser User2', 2),
('2025-03-11', -700.0, 'Miete User2', 2),
('2025-03-12', -35.0, 'Internet User2', 2),
('2025-03-13', -20.0, 'Handy User2', 2),
('2025-03-14', -55.0, 'Tanken User2', 2),
('2025-03-15', -40.0, 'Restaurant User2', 2),
('2025-03-16', -6.0, 'Kaffee User2', 2),
('2025-03-17', -3.0, 'ÖPNV User2', 2),
('2025-03-18', -10.0, 'Abo: Musik User2', 2),
('2025-03-19', -90.0, 'Supermarkt User2', 2),
('2025-03-20', -100.0, 'Versicherungen User2', 2),
('2025-03-21', -60.0, 'Kleidung User2', 2),
('2025-03-22', -50.0, 'Geschenke User2', 2),
('2025-03-23', -15.0, 'Kino User2', 2),
('2025-03-24', -60.0, 'Tanken User2', 2),
('2025-03-25', -45.0, 'Restaurant User2', 2),
('2025-03-26', -5.0, 'Kaffee User2', 2),
('2025-03-27', -3.0, 'ÖPNV User2', 2),
('2025-03-28', -20.0, 'Abo: Software User2', 2),
('2025-03-29', -85.0, 'Supermarkt User2', 2),
('2025-03-30', -500.0, 'Sparen User2', 2),
('2025-04-01', 3000.0, 'Gehalt User2', 2),
('2025-04-02', -50.0, 'Tanken User2', 2),
('2025-04-03', -30.0, 'Restaurant User2', 2),
('2025-04-04', -5.0, 'Kaffee User2', 2),
('2025-04-05', -3.0, 'ÖPNV User2', 2),
('2025-04-06', -12.0, 'Abo: Streaming User2', 2),
('2025-04-07', -80.0, 'Supermarkt User2', 2),
('2025-04-08', -25.0, 'Fitnessstudio User2', 2),
('2025-04-09', -60.0, 'Strom User2', 2),
('2025-04-10', -40.0, 'Wasser User2', 2),
('2025-04-11', -700.0, 'Miete User2', 2),
('2025-04-12', -35.0, 'Internet User2', 2),
('2025-04-13', -20.0, 'Handy User2', 2),
('2025-04-14', -55.0, 'Tanken User2', 2),
('2025-04-15', -40.0, 'Restaurant User2', 2),
('2025-04-16', -6.0, 'Kaffee User2', 2),
('2025-04-17', -3.0, 'ÖPNV User2', 2),
('2025-04-18', -10.0, 'Abo: Musik User2', 2),
('2025-04-19', -90.0, 'Supermarkt User2', 2),
('2025-04-20', -100.0, 'Versicherungen User2', 2),
('2025-04-21', -60.0, 'Kleidung User2', 2),
('2025-04-22', -50.0, 'Geschenke User2', 2),
('2025-04-23', -15.0, 'Kino User2', 2),
('2025-04-24', -60.0, 'Tanken User2', 2),
('2025-04-25', -45.0, 'Restaurant User2', 2),
('2025-04-26', -5.0, 'Kaffee User2', 2),
('2025-04-27', -3.0, 'ÖPNV User2', 2),
('2025-04-28', -20.0, 'Abo: Software User2', 2),
('2025-04-29', -85.0, 'Supermarkt User2', 2),
('2025-04-30', -500.0, 'Sparen User2', 2),
('2025-05-01', 3000.0, 'Gehalt User2', 2),
('2025-05-02', -50.0, 'Tanken User2', 2),
('2025-05-03', -30.0, 'Restaurant User2', 2),
('2025-05-04', -5.0, 'Kaffee User2', 2),
('2025-05-05', -3.0, 'ÖPNV User2', 2),
('2025-05-06', -12.0, 'Abo: Streaming User2', 2),
('2025-05-07', -80.0, 'Supermarkt User2', 2),
('2025-05-08', -25.0, 'Fitnessstudio User2', 2),
('2025-05-09', -60.0, 'Strom User2', 2),
('2025-05-10', -40.0, 'Wasser User2', 2),
('2025-05-11', -700.0, 'Miete User2', 2),
('2025-05-12', -35.0, 'Internet User2', 2),
('2025-05-13', -20.0, 'Handy User2', 2),
('2025-05-14', -55.0, 'Tanken User2', 2),
('2025-05-15', -40.0, 'Restaurant User2', 2),
('2025-05-16', -6.0, 'Kaffee User2', 2),
('2025-05-17', -3.0, 'ÖPNV User2', 2),
('2025-05-18', -10.0, 'Abo: Musik User2', 2),
('2025-05-19', -90.0, 'Supermarkt User2', 2),
('2025-05-20', -100.0, 'Versicherungen User2', 2),
('2025-05-21', -60.0, 'Kleidung User2', 2),
('2025-05-22', -50.0, 'Geschenke User2', 2),
('2025-05-23', -15.0, 'Kino User2', 2),
('2025-05-24', -60.0, 'Tanken User2', 2),
('2025-05-25', -45.0, 'Restaurant User2', 2),
('2025-05-26', -5.0, 'Kaffee User2', 2),
('2025-05-27', -3.0, 'ÖPNV User2', 2),
('2025-05-28', -20.0, 'Abo: Software User2', 2),
('2025-05-29', -85.0, 'Supermarkt User2', 2),
('2025-05-30', -500.0, 'Sparen User2', 2),
('2025-06-01', 3000.0, 'Gehalt User2', 2),
('2025-06-02', -50.0, 'Tanken User2', 2),
('2025-06-03', -30.0, 'Restaurant User2', 2),
('2025-06-04', -5.0, 'Kaffee User2', 2),
('2025-06-05', -3.0, 'ÖPNV User2', 2),
('2025-06-06', -12.0, 'Abo: Streaming User2', 2),
('2025-06-07', -80.0, 'Supermarkt User2', 2),
('2025-06-08', -25.0, 'Fitnessstudio User2', 2),
('2025-06-09', -60.0, 'Strom User2', 2),
('2025-06-10', -40.0, 'Wasser User2', 2),
('2025-06-11', -700.0, 'Miete User2', 2),
('2025-06-12', -35.0, 'Internet User2', 2),
('2025-06-13', -20.0, 'Handy User2', 2),
('2025-06-14', -55.0, 'Tanken User2', 2),
('2025-06-15', -40.0, 'Restaurant User2', 2),
('2025-06-16', -6.0, 'Kaffee User2', 2),
('2025-06-17', -3.0, 'ÖPNV User2', 2),
('2025-06-18', -10.0, 'Abo: Musik User2', 2),
('2025-06-19', -90.0, 'Supermarkt User2', 2),
('2025-06-20', -100.0, 'Versicherungen User2', 2),
('2025-06-21', -60.0, 'Kleidung User2', 2),
('2025-06-22', -50.0, 'Geschenke User2', 2),
('2025-06-23', -15.0, 'Kino User2', 2),
('2025-06-24', -60.0, 'Tanken User2', 2),
('2025-06-25', -45.0, 'Restaurant User2', 2),
('2025-06-26', -5.0, 'Kaffee User2', 2),
('2025-06-27', -3.0, 'ÖPNV User2', 2),
('2025-06-28', -20.0, 'Abo: Software User2', 2),
('2025-06-29', -85.0, 'Supermarkt User2', 2),
('2025-06-30', -500.0, 'Sparen User2', 2),
('2025-07-01', 3000.0, 'Gehalt User2', 2),
('2025-07-02', -50.0, 'Tanken User2', 2),
('2025-07-03', -30.0, 'Restaurant User2', 2),
('2025-07-04', -5.0, 'Kaffee User2', 2),
('2025-07-05', -3.0, 'ÖPNV User2', 2),
('2025-07-06', -12.0, 'Abo: Streaming User2', 2),
('2025-07-07', -80.0, 'Supermarkt User2', 2),
('2025-07-08', -25.0, 'Fitnessstudio User2', 2),
('2025-07-09', -60.0, 'Strom User2', 2),
('2025-07-10', -40.0, 'Wasser User2', 2),
('2025-07-11', -700.0, 'Miete User2', 2),
('2025-07-12', -35.0, 'Internet User2', 2),
('2025-07-13', -20.0, 'Handy User2', 2),
('2025-07-14', -55.0, 'Tanken User2', 2),
('2025-07-15', -40.0, 'Restaurant User2', 2),
('2025-07-16', -6.0, 'Kaffee User2', 2),
('2025-07-17', -3.0, 'ÖPNV User2', 2),
('2025-07-18', -10.0, 'Abo: Musik User2', 2),
('2025-07-19', -90.0, 'Supermarkt User2', 2),
('2025-07-20', -100.0, 'Versicherungen User2', 2),
('2025-07-21', -60.0, 'Kleidung User2', 2),
('2025-07-22', -50.0, 'Geschenke User2', 2),
('2025-07-23', -15.0, 'Kino User2', 2),
('2025-07-24', -60.0, 'Tanken User2', 2),
('2025-07-25', -45.0, 'Restaurant User2', 2),
('2025-07-26', -5.0, 'Kaffee User2', 2),
('2025-07-27', -3.0, 'ÖPNV User2', 2),
('2025-07-28', -20.0, 'Abo: Software User2', 2),
('2025-07-29', -85.0, 'Supermarkt User2', 2),
('2025-07-30', -500.0, 'Sparen User2', 2),
('2025-08-01', 3000.0, 'Gehalt User2', 2),
('2025-08-02', -50.0, 'Tanken User2', 2),
('2025-08-03', -30.0, 'Restaurant User2', 2),
('2025-08-04', -5.0, 'Kaffee User2', 2),
('2025-08-05', -3.0, 'ÖPNV User2', 2),
('2025-08-06', -12.0, 'Abo: Streaming User2', 2),
('2025-08-07', -80.0, 'Supermarkt User2', 2),
('2025-08-08', -25.0, 'Fitnessstudio User2', 2),
('2025-08-09', -60.0, 'Strom User2', 2),
('2025-08-10', -40.0, 'Wasser User2', 2),
('2025-08-11', -700.0, 'Miete User2', 2),
('2025-08-12', -35.0, 'Internet User2', 2),
('2025-08-13', -20.0, 'Handy User2', 2),
('2025-08-14', -55.0, 'Tanken User2', 2),
('2025-08-15', -40.0, 'Restaurant User2', 2),
('2025-08-16', -6.0, 'Kaffee User2', 2),
('2025-08-17', -3.0, 'ÖPNV User2', 2),
('2025-08-18', -10.0, 'Abo: Musik User2', 2),
('2025-08-19', -90.0, 'Supermarkt User2', 2),
('2025-08-20', -100.0, 'Versicherungen User2', 2),
('2025-08-21', -60.0, 'Kleidung User2', 2),
('2025-08-22', -50.0, 'Geschenke User2', 2),
('2025-08-23', -15.0, 'Kino User2', 2),
('2025-08-24', -60.0, 'Tanken User2', 2),
('2025-08-25', -45.0, 'Restaurant User2', 2),
('2025-08-26', -5.0, 'Kaffee User2', 2),
('2025-08-27', -3.0, 'ÖPNV User2', 2),
('2025-08-28', -20.0, 'Abo: Software User2', 2),
('2025-08-29', -85.0, 'Supermarkt User2', 2),
('2025-08-30', -500.0, 'Sparen User2', 2),
('2025-09-01', 3000.0, 'Gehalt User2', 2),
('2025-09-02', -50.0, 'Tanken User2', 2),
('2025-09-03', -30.0, 'Restaurant User2', 2),
('2025-09-04', -5.0, 'Kaffee User2', 2),
('2025-09-05', -3.0, 'ÖPNV User2', 2),
('2025-09-06', -12.0, 'Abo: Streaming User2', 2),
('2025-09-07', -80.0, 'Supermarkt User2', 2),
('2025-09-08', -25.0, 'Fitnessstudio User2', 2),
('2025-09-09', -60.0, 'Strom User2', 2),
('2025-09-10', -40.0, 'Wasser User2', 2),
('2025-09-11', -700.0, 'Miete User2', 2),
('2025-09-12', -35.0, 'Internet User2', 2),
('2025-09-13', -20.0, 'Handy User2', 2),
('2025-09-14', -55.0, 'Tanken User2', 2),
('2025-09-15', -40.0, 'Restaurant User2', 2),
('2025-09-16', -6.0, 'Kaffee User2', 2),
('2025-09-17', -3.0, 'ÖPNV User2', 2),
('2025-09-18', -10.0, 'Abo: Musik User2', 2),
('2025-09-19', -90.0, 'Supermarkt User2', 2),
('2025-09-20', -100.0, 'Versicherungen User2', 2),
('2025-09-21', -60.0, 'Kleidung User2', 2),
('2025-09-22', -50.0, 'Geschenke User2', 2),
('2025-09-23', -15.0, 'Kino User2', 2),
('2025-09-24', -60.0, 'Tanken User2', 2),
('2025-09-25', -45.0, 'Restaurant User2', 2),
('2025-09-26', -5.0, 'Kaffee User2', 2),
('2025-09-27', -3.0, 'ÖPNV User2', 2),
('2025-09-28', -20.0, 'Abo: Software User2', 2),
('2025-09-29', -85.0, 'Supermarkt User2', 2),
('2025-09-30', -500.0, 'Sparen User2', 2),
('2025-10-01', 3000.0, 'Gehalt User2', 2),
('2025-10-02', -50.0, 'Tanken User2', 2),
('2025-10-03', -30.0, 'Restaurant User2', 2),
('2025-10-04', -5.0, 'Kaffee User2', 2),
('2025-10-05', -3.0, 'ÖPNV User2', 2),
('2025-10-06', -12.0, 'Abo: Streaming User2', 2),
('2025-10-07', -80.0, 'Supermarkt User2', 2),
('2025-10-08', -25.0, 'Fitnessstudio User2', 2),
('2025-10-09', -60.0, 'Strom User2', 2),
('2025-10-10', -40.0, 'Wasser User2', 2),
('2025-10-11', -700.0, 'Miete User2', 2),
('2025-10-12', -35.0, 'Internet User2', 2),
('2025-10-13', -20.0, 'Handy User2', 2),
('2025-10-14', -55.0, 'Tanken User2', 2),
('2025-10-15', -40.0, 'Restaurant User2', 2),
('2025-10-16', -6.0, 'Kaffee User2', 2),
('2025-10-17', -3.0, 'ÖPNV User2', 2),
('2025-10-18', -10.0, 'Abo: Musik User2', 2),
('2025-10-19', -90.0, 'Supermarkt User2', 2),
('2025-10-20', -100.0, 'Versicherungen User2', 2),
('2025-10-21', -60.0, 'Kleidung User2', 2),
('2025-10-22', -50.0, 'Geschenke User2', 2),
('2025-10-23', -15.0, 'Kino User2', 2),
('2025-10-24', -60.0, 'Tanken User2', 2),
('2025-10-25', -45.0, 'Restaurant User2', 2),
('2025-10-26', -5.0, 'Kaffee User2', 2),
('2025-10-27', -3.0, 'ÖPNV User2', 2),
('2025-10-28', -20.0, 'Abo: Software User2', 2),
('2025-10-29', -85.0, 'Supermarkt User2', 2),
('2025-10-30', -500.0, 'Sparen User2', 2),
('2025-11-01', 3000.0, 'Gehalt User2', 2),
('2025-11-02', -50.0, 'Tanken User2', 2),
('2025-11-03', -30.0, 'Restaurant User2', 2),
('2025-11-04', -5.0, 'Kaffee User2', 2),
('2025-11-05', -3.0, 'ÖPNV User2', 2),
('2025-11-06', -12.0, 'Abo: Streaming User2', 2),
('2025-11-07', -80.0, 'Supermarkt User2', 2),
('2025-11-08', -25.0, 'Fitnessstudio User2', 2),
('2025-11-09', -60.0, 'Strom User2', 2),
('2025-11-10', -40.0, 'Wasser User2', 2),
('2025-11-11', -700.0, 'Miete User2', 2),
('2025-11-12', -35.0, 'Internet User2', 2),
('2025-11-13', -20.0, 'Handy User2', 2),
('2025-11-14', -55.0, 'Tanken User2', 2),
('2025-11-15', -40.0, 'Restaurant User2', 2),
('2025-11-16', -6.0, 'Kaffee User2', 2),
('2025-11-17', -3.0, 'ÖPNV User2', 2),
('2025-11-18', -10.0, 'Abo: Musik User2', 2),
('2025-11-19', -90.0, 'Supermarkt User2', 2),
('2025-11-20', -100.0, 'Versicherungen User2', 2),
('2025-11-21', -60.0, 'Kleidung User2', 2),
('2025-11-22', -50.0, 'Geschenke User2', 2),
('2025-11-23', -15.0, 'Kino User2', 2),
('2025-11-24', -60.0, 'Tanken User2', 2),
('2025-11-25', -45.0, 'Restaurant User2', 2),
('2025-11-26', -5.0, 'Kaffee User2', 2),
('2025-11-27', -3.0, 'ÖPNV User2', 2),
('2025-11-28', -20.0, 'Abo: Software User2', 2),
('2025-11-29', -85.0, 'Supermarkt User2', 2),
('2025-11-30', -500.0, 'Sparen User2', 2),
('2025-12-01', 3000.0, 'Gehalt User2', 2),
('2025-12-02', -50.0, 'Tanken User2', 2),
('2025-12-03', -30.0, 'Restaurant User2', 2),
('2025-12-04', -5.0, 'Kaffee User2', 2),
('2025-12-05', -3.0, 'ÖPNV User2', 2),
('2025-12-06', -12.0, 'Abo: Streaming User2', 2),
('2025-12-07', -80.0, 'Supermarkt User2', 2),
('2025-12-08', -25.0, 'Fitnessstudio User2', 2),
('2025-12-09', -60.0, 'Strom User2', 2),
('2025-12-10', -40.0, 'Wasser User2', 2),
('2025-12-11', -700.0, 'Miete User2', 2),
('2025-12-12', -35.0, 'Internet User2', 2),
('2025-12-13', -20.0, 'Handy User2', 2),
('2025-12-14', -55.0, 'Tanken User2', 2),
('2025-12-15', -40.0, 'Restaurant User2', 2),
('2025-12-16', -6.0, 'Kaffee User2', 2),
('2025-12-17', -3.0, 'ÖPNV User2', 2),
('2025-12-18', -10.0, 'Abo: Musik User2', 2),
('2025-12-19', -90.0, 'Supermarkt User2', 2),
('2025-12-20', -100.0, 'Versicherungen User2', 2),
('2025-12-21', -60.0, 'Kleidung User2', 2),
('2025-12-22', -50.0, 'Geschenke User2', 2),
('2025-12-23', -15.0, 'Kino User2', 2),
('2025-12-24', -60.0, 'Tanken User2', 2),
('2025-12-25', -45.0, 'Restaurant User2', 2),
('2025-12-26', -5.0, 'Kaffee User2', 2),
('2025-12-27', -3.0, 'ÖPNV User2', 2),
('2025-12-28', -20.0, 'Abo: Software User2', 2),
('2025-12-29', -85.0, 'Supermarkt User2', 2),
('2025-12-30', -500.0, 'Sparen User2', 2);

CREATE TABLE Entries3 (
    Id INTEGER PRIMARY KEY AUTOINCREMENT,
    Datum DATE NOT NULL,
    Betrag REAL NOT NULL,
    Name TEXT NOT NULL,
    UserId INTEGER NOT NULL,
    FOREIGN KEY (UserId) REFERENCES Users(Id)
);

INSERT INTO Entries3 (Datum, Betrag, Name, UserId) VALUES
('2025-01-01', 3000.0, 'Gehalt User3', 3),
('2025-01-02', -50.0, 'Tanken User3', 3),
('2025-01-03', -30.0, 'Restaurant User3', 3),
('2025-01-04', -5.0, 'Kaffee User3', 3),
('2025-01-05', -3.0, 'ÖPNV User3', 3),
('2025-01-06', -12.0, 'Abo: Streaming User3', 3),
('2025-01-07', -80.0, 'Supermarkt User3', 3),
('2025-01-08', -25.0, 'Fitnessstudio User3', 3),
('2025-01-09', -60.0, 'Strom User3', 3),
('2025-01-10', -40.0, 'Wasser User3', 3),
('2025-01-11', -700.0, 'Miete User3', 3),
('2025-01-12', -35.0, 'Internet User3', 3),
('2025-01-13', -20.0, 'Handy User3', 3),
('2025-01-14', -55.0, 'Tanken User3', 3),
('2025-01-15', -40.0, 'Restaurant User3', 3),
('2025-01-16', -6.0, 'Kaffee User3', 3),
('2025-01-17', -3.0, 'ÖPNV User3', 3),
('2025-01-18', -10.0, 'Abo: Musik User3', 3),
('2025-01-19', -90.0, 'Supermarkt User3', 3),
('2025-01-20', -100.0, 'Versicherungen User3', 3),
('2025-01-21', -60.0, 'Kleidung User3', 3),
('2025-01-22', -50.0, 'Geschenke User3', 3),
('2025-01-23', -15.0, 'Kino User3', 3),
('2025-01-24', -60.0, 'Tanken User3', 3),
('2025-01-25', -45.0, 'Restaurant User3', 3),
('2025-01-26', -5.0, 'Kaffee User3', 3),
('2025-01-27', -3.0, 'ÖPNV User3', 3),
('2025-01-28', -20.0, 'Abo: Software User3', 3),
('2025-01-29', -85.0, 'Supermarkt User3', 3),
('2025-01-30', -500.0, 'Sparen User3', 3),
('2025-02-01', 3000.0, 'Gehalt User3', 3),
('2025-02-02', -50.0, 'Tanken User3', 3),
('2025-02-03', -30.0, 'Restaurant User3', 3),
('2025-02-04', -5.0, 'Kaffee User3', 3),
('2025-02-05', -3.0, 'ÖPNV User3', 3),
('2025-02-06', -12.0, 'Abo: Streaming User3', 3),
('2025-02-07', -80.0, 'Supermarkt User3', 3),
('2025-02-08', -25.0, 'Fitnessstudio User3', 3),
('2025-02-09', -60.0, 'Strom User3', 3),
('2025-02-10', -40.0, 'Wasser User3', 3),
('2025-02-11', -700.0, 'Miete User3', 3),
('2025-02-12', -35.0, 'Internet User3', 3),
('2025-02-13', -20.0, 'Handy User3', 3),
('2025-02-14', -55.0, 'Tanken User3', 3),
('2025-02-15', -40.0, 'Restaurant User3', 3),
('2025-02-16', -6.0, 'Kaffee User3', 3),
('2025-02-17', -3.0, 'ÖPNV User3', 3),
('2025-02-18', -10.0, 'Abo: Musik User3', 3),
('2025-02-19', -90.0, 'Supermarkt User3', 3),
('2025-02-20', -100.0, 'Versicherungen User3', 3),
('2025-02-21', -60.0, 'Kleidung User3', 3),
('2025-02-22', -50.0, 'Geschenke User3', 3),
('2025-02-23', -15.0, 'Kino User3', 3),
('2025-02-24', -60.0, 'Tanken User3', 3),
('2025-02-25', -45.0, 'Restaurant User3', 3),
('2025-02-26', -5.0, 'Kaffee User3', 3),
('2025-02-27', -3.0, 'ÖPNV User3', 3),
('2025-02-28', -20.0, 'Abo: Software User3', 3),
('2025-02-28', -85.0, 'Supermarkt User3', 3),
('2025-02-28', -500.0, 'Sparen User3', 3),
('2025-03-01', 3000.0, 'Gehalt User3', 3),
('2025-03-02', -50.0, 'Tanken User3', 3),
('2025-03-03', -30.0, 'Restaurant User3', 3),
('2025-03-04', -5.0, 'Kaffee User3', 3),
('2025-03-05', -3.0, 'ÖPNV User3', 3),
('2025-03-06', -12.0, 'Abo: Streaming User3', 3),
('2025-03-07', -80.0, 'Supermarkt User3', 3),
('2025-03-08', -25.0, 'Fitnessstudio User3', 3),
('2025-03-09', -60.0, 'Strom User3', 3),
('2025-03-10', -40.0, 'Wasser User3', 3),
('2025-03-11', -700.0, 'Miete User3', 3),
('2025-03-12', -35.0, 'Internet User3', 3),
('2025-03-13', -20.0, 'Handy User3', 3),
('2025-03-14', -55.0, 'Tanken User3', 3),
('2025-03-15', -40.0, 'Restaurant User3', 3),
('2025-03-16', -6.0, 'Kaffee User3', 3),
('2025-03-17', -3.0, 'ÖPNV User3', 3),
('2025-03-18', -10.0, 'Abo: Musik User3', 3),
('2025-03-19', -90.0, 'Supermarkt User3', 3),
('2025-03-20', -100.0, 'Versicherungen User3', 3),
('2025-03-21', -60.0, 'Kleidung User3', 3),
('2025-03-22', -50.0, 'Geschenke User3', 3),
('2025-03-23', -15.0, 'Kino User3', 3),
('2025-03-24', -60.0, 'Tanken User3', 3),
('2025-03-25', -45.0, 'Restaurant User3', 3),
('2025-03-26', -5.0, 'Kaffee User3', 3),
('2025-03-27', -3.0, 'ÖPNV User3', 3),
('2025-03-28', -20.0, 'Abo: Software User3', 3),
('2025-03-29', -85.0, 'Supermarkt User3', 3),
('2025-03-30', -500.0, 'Sparen User3', 3),
('2025-04-01', 3000.0, 'Gehalt User3', 3),
('2025-04-02', -50.0, 'Tanken User3', 3),
('2025-04-03', -30.0, 'Restaurant User3', 3),
('2025-04-04', -5.0, 'Kaffee User3', 3),
('2025-04-05', -3.0, 'ÖPNV User3', 3),
('2025-04-06', -12.0, 'Abo: Streaming User3', 3),
('2025-04-07', -80.0, 'Supermarkt User3', 3),
('2025-04-08', -25.0, 'Fitnessstudio User3', 3),
('2025-04-09', -60.0, 'Strom User3', 3),
('2025-04-10', -40.0, 'Wasser User3', 3),
('2025-04-11', -700.0, 'Miete User3', 3),
('2025-04-12', -35.0, 'Internet User3', 3),
('2025-04-13', -20.0, 'Handy User3', 3),
('2025-04-14', -55.0, 'Tanken User3', 3),
('2025-04-15', -40.0, 'Restaurant User3', 3),
('2025-04-16', -6.0, 'Kaffee User3', 3),
('2025-04-17', -3.0, 'ÖPNV User3', 3),
('2025-04-18', -10.0, 'Abo: Musik User3', 3),
('2025-04-19', -90.0, 'Supermarkt User3', 3),
('2025-04-20', -100.0, 'Versicherungen User3', 3),
('2025-04-21', -60.0, 'Kleidung User3', 3),
('2025-04-22', -50.0, 'Geschenke User3', 3),
('2025-04-23', -15.0, 'Kino User3', 3),
('2025-04-24', -60.0, 'Tanken User3', 3),
('2025-04-25', -45.0, 'Restaurant User3', 3),
('2025-04-26', -5.0, 'Kaffee User3', 3),
('2025-04-27', -3.0, 'ÖPNV User3', 3),
('2025-04-28', -20.0, 'Abo: Software User3', 3),
('2025-04-29', -85.0, 'Supermarkt User3', 3),
('2025-04-30', -500.0, 'Sparen User3', 3),
('2025-05-01', 3000.0, 'Gehalt User3', 3),
('2025-05-02', -50.0, 'Tanken User3', 3),
('2025-05-03', -30.0, 'Restaurant User3', 3),
('2025-05-04', -5.0, 'Kaffee User3', 3),
('2025-05-05', -3.0, 'ÖPNV User3', 3),
('2025-05-06', -12.0, 'Abo: Streaming User3', 3),
('2025-05-07', -80.0, 'Supermarkt User3', 3),
('2025-05-08', -25.0, 'Fitnessstudio User3', 3),
('2025-05-09', -60.0, 'Strom User3', 3),
('2025-05-10', -40.0, 'Wasser User3', 3),
('2025-05-11', -700.0, 'Miete User3', 3),
('2025-05-12', -35.0, 'Internet User3', 3),
('2025-05-13', -20.0, 'Handy User3', 3),
('2025-05-14', -55.0, 'Tanken User3', 3),
('2025-05-15', -40.0, 'Restaurant User3', 3),
('2025-05-16', -6.0, 'Kaffee User3', 3),
('2025-05-17', -3.0, 'ÖPNV User3', 3),
('2025-05-18', -10.0, 'Abo: Musik User3', 3),
('2025-05-19', -90.0, 'Supermarkt User3', 3),
('2025-05-20', -100.0, 'Versicherungen User3', 3),
('2025-05-21', -60.0, 'Kleidung User3', 3),
('2025-05-22', -50.0, 'Geschenke User3', 3),
('2025-05-23', -15.0, 'Kino User3', 3),
('2025-05-24', -60.0, 'Tanken User3', 3),
('2025-05-25', -45.0, 'Restaurant User3', 3),
('2025-05-26', -5.0, 'Kaffee User3', 3),
('2025-05-27', -3.0, 'ÖPNV User3', 3),
('2025-05-28', -20.0, 'Abo: Software User3', 3),
('2025-05-29', -85.0, 'Supermarkt User3', 3),
('2025-05-30', -500.0, 'Sparen User3', 3),
('2025-06-01', 3000.0, 'Gehalt User3', 3),
('2025-06-02', -50.0, 'Tanken User3', 3),
('2025-06-03', -30.0, 'Restaurant User3', 3),
('2025-06-04', -5.0, 'Kaffee User3', 3),
('2025-06-05', -3.0, 'ÖPNV User3', 3),
('2025-06-06', -12.0, 'Abo: Streaming User3', 3),
('2025-06-07', -80.0, 'Supermarkt User3', 3),
('2025-06-08', -25.0, 'Fitnessstudio User3', 3),
('2025-06-09', -60.0, 'Strom User3', 3),
('2025-06-10', -40.0, 'Wasser User3', 3),
('2025-06-11', -700.0, 'Miete User3', 3),
('2025-06-12', -35.0, 'Internet User3', 3),
('2025-06-13', -20.0, 'Handy User3', 3),
('2025-06-14', -55.0, 'Tanken User3', 3),
('2025-06-15', -40.0, 'Restaurant User3', 3),
('2025-06-16', -6.0, 'Kaffee User3', 3),
('2025-06-17', -3.0, 'ÖPNV User3', 3),
('2025-06-18', -10.0, 'Abo: Musik User3', 3),
('2025-06-19', -90.0, 'Supermarkt User3', 3),
('2025-06-20', -100.0, 'Versicherungen User3', 3),
('2025-06-21', -60.0, 'Kleidung User3', 3),
('2025-06-22', -50.0, 'Geschenke User3', 3),
('2025-06-23', -15.0, 'Kino User3', 3),
('2025-06-24', -60.0, 'Tanken User3', 3),
('2025-06-25', -45.0, 'Restaurant User3', 3),
('2025-06-26', -5.0, 'Kaffee User3', 3),
('2025-06-27', -3.0, 'ÖPNV User3', 3),
('2025-06-28', -20.0, 'Abo: Software User3', 3),
('2025-06-29', -85.0, 'Supermarkt User3', 3),
('2025-06-30', -500.0, 'Sparen User3', 3),
('2025-07-01', 3000.0, 'Gehalt User3', 3),
('2025-07-02', -50.0, 'Tanken User3', 3),
('2025-07-03', -30.0, 'Restaurant User3', 3),
('2025-07-04', -5.0, 'Kaffee User3', 3),
('2025-07-05', -3.0, 'ÖPNV User3', 3),
('2025-07-06', -12.0, 'Abo: Streaming User3', 3),
('2025-07-07', -80.0, 'Supermarkt User3', 3),
('2025-07-08', -25.0, 'Fitnessstudio User3', 3),
('2025-07-09', -60.0, 'Strom User3', 3),
('2025-07-10', -40.0, 'Wasser User3', 3),
('2025-07-11', -700.0, 'Miete User3', 3),
('2025-07-12', -35.0, 'Internet User3', 3),
('2025-07-13', -20.0, 'Handy User3', 3),
('2025-07-14', -55.0, 'Tanken User3', 3),
('2025-07-15', -40.0, 'Restaurant User3', 3),
('2025-07-16', -6.0, 'Kaffee User3', 3),
('2025-07-17', -3.0, 'ÖPNV User3', 3),
('2025-07-18', -10.0, 'Abo: Musik User3', 3),
('2025-07-19', -90.0, 'Supermarkt User3', 3),
('2025-07-20', -100.0, 'Versicherungen User3', 3),
('2025-07-21', -60.0, 'Kleidung User3', 3),
('2025-07-22', -50.0, 'Geschenke User3', 3),
('2025-07-23', -15.0, 'Kino User3', 3),
('2025-07-24', -60.0, 'Tanken User3', 3),
('2025-07-25', -45.0, 'Restaurant User3', 3),
('2025-07-26', -5.0, 'Kaffee User3', 3),
('2025-07-27', -3.0, 'ÖPNV User3', 3),
('2025-07-28', -20.0, 'Abo: Software User3', 3),
('2025-07-29', -85.0, 'Supermarkt User3', 3),
('2025-07-30', -500.0, 'Sparen User3', 3),
('2025-08-01', 3000.0, 'Gehalt User3', 3),
('2025-08-02', -50.0, 'Tanken User3', 3),
('2025-08-03', -30.0, 'Restaurant User3', 3),
('2025-08-04', -5.0, 'Kaffee User3', 3),
('2025-08-05', -3.0, 'ÖPNV User3', 3),
('2025-08-06', -12.0, 'Abo: Streaming User3', 3),
('2025-08-07', -80.0, 'Supermarkt User3', 3),
('2025-08-08', -25.0, 'Fitnessstudio User3', 3),
('2025-08-09', -60.0, 'Strom User3', 3),
('2025-08-10', -40.0, 'Wasser User3', 3),
('2025-08-11', -700.0, 'Miete User3', 3),
('2025-08-12', -35.0, 'Internet User3', 3),
('2025-08-13', -20.0, 'Handy User3', 3),
('2025-08-14', -55.0, 'Tanken User3', 3),
('2025-08-15', -40.0, 'Restaurant User3', 3),
('2025-08-16', -6.0, 'Kaffee User3', 3),
('2025-08-17', -3.0, 'ÖPNV User3', 3),
('2025-08-18', -10.0, 'Abo: Musik User3', 3),
('2025-08-19', -90.0, 'Supermarkt User3', 3),
('2025-08-20', -100.0, 'Versicherungen User3', 3),
('2025-08-21', -60.0, 'Kleidung User3', 3),
('2025-08-22', -50.0, 'Geschenke User3', 3),
('2025-08-23', -15.0, 'Kino User3', 3),
('2025-08-24', -60.0, 'Tanken User3', 3),
('2025-08-25', -45.0, 'Restaurant User3', 3),
('2025-08-26', -5.0, 'Kaffee User3', 3),
('2025-08-27', -3.0, 'ÖPNV User3', 3),
('2025-08-28', -20.0, 'Abo: Software User3', 3),
('2025-08-29', -85.0, 'Supermarkt User3', 3),
('2025-08-30', -500.0, 'Sparen User3', 3),
('2025-09-01', 3000.0, 'Gehalt User3', 3),
('2025-09-02', -50.0, 'Tanken User3', 3),
('2025-09-03', -30.0, 'Restaurant User3', 3),
('2025-09-04', -5.0, 'Kaffee User3', 3),
('2025-09-05', -3.0, 'ÖPNV User3', 3),
('2025-09-06', -12.0, 'Abo: Streaming User3', 3),
('2025-09-07', -80.0, 'Supermarkt User3', 3),
('2025-09-08', -25.0, 'Fitnessstudio User3', 3),
('2025-09-09', -60.0, 'Strom User3', 3),
('2025-09-10', -40.0, 'Wasser User3', 3),
('2025-09-11', -700.0, 'Miete User3', 3),
('2025-09-12', -35.0, 'Internet User3', 3),
('2025-09-13', -20.0, 'Handy User3', 3),
('2025-09-14', -55.0, 'Tanken User3', 3),
('2025-09-15', -40.0, 'Restaurant User3', 3),
('2025-09-16', -6.0, 'Kaffee User3', 3),
('2025-09-17', -3.0, 'ÖPNV User3', 3),
('2025-09-18', -10.0, 'Abo: Musik User3', 3),
('2025-09-19', -90.0, 'Supermarkt User3', 3),
('2025-09-20', -100.0, 'Versicherungen User3', 3),
('2025-09-21', -60.0, 'Kleidung User3', 3),
('2025-09-22', -50.0, 'Geschenke User3', 3),
('2025-09-23', -15.0, 'Kino User3', 3),
('2025-09-24', -60.0, 'Tanken User3', 3),
('2025-09-25', -45.0, 'Restaurant User3', 3),
('2025-09-26', -5.0, 'Kaffee User3', 3),
('2025-09-27', -3.0, 'ÖPNV User3', 3),
('2025-09-28', -20.0, 'Abo: Software User3', 3),
('2025-09-29', -85.0, 'Supermarkt User3', 3),
('2025-09-30', -500.0, 'Sparen User3', 3),
('2025-10-01', 3000.0, 'Gehalt User3', 3),
('2025-10-02', -50.0, 'Tanken User3', 3),
('2025-10-03', -30.0, 'Restaurant User3', 3),
('2025-10-04', -5.0, 'Kaffee User3', 3),
('2025-10-05', -3.0, 'ÖPNV User3', 3),
('2025-10-06', -12.0, 'Abo: Streaming User3', 3),
('2025-10-07', -80.0, 'Supermarkt User3', 3),
('2025-10-08', -25.0, 'Fitnessstudio User3', 3),
('2025-10-09', -60.0, 'Strom User3', 3),
('2025-10-10', -40.0, 'Wasser User3', 3),
('2025-10-11', -700.0, 'Miete User3', 3),
('2025-10-12', -35.0, 'Internet User3', 3),
('2025-10-13', -20.0, 'Handy User3', 3),
('2025-10-14', -55.0, 'Tanken User3', 3),
('2025-10-15', -40.0, 'Restaurant User3', 3),
('2025-10-16', -6.0, 'Kaffee User3', 3),
('2025-10-17', -3.0, 'ÖPNV User3', 3),
('2025-10-18', -10.0, 'Abo: Musik User3', 3),
('2025-10-19', -90.0, 'Supermarkt User3', 3),
('2025-10-20', -100.0, 'Versicherungen User3', 3),
('2025-10-21', -60.0, 'Kleidung User3', 3),
('2025-10-22', -50.0, 'Geschenke User3', 3),
('2025-10-23', -15.0, 'Kino User3', 3),
('2025-10-24', -60.0, 'Tanken User3', 3),
('2025-10-25', -45.0, 'Restaurant User3', 3),
('2025-10-26', -5.0, 'Kaffee User3', 3),
('2025-10-27', -3.0, 'ÖPNV User3', 3),
('2025-10-28', -20.0, 'Abo: Software User3', 3),
('2025-10-29', -85.0, 'Supermarkt User3', 3),
('2025-10-30', -500.0, 'Sparen User3', 3),
('2025-11-01', 3000.0, 'Gehalt User3', 3),
('2025-11-02', -50.0, 'Tanken User3', 3),
('2025-11-03', -30.0, 'Restaurant User3', 3),
('2025-11-04', -5.0, 'Kaffee User3', 3),
('2025-11-05', -3.0, 'ÖPNV User3', 3),
('2025-11-06', -12.0, 'Abo: Streaming User3', 3),
('2025-11-07', -80.0, 'Supermarkt User3', 3),
('2025-11-08', -25.0, 'Fitnessstudio User3', 3),
('2025-11-09', -60.0, 'Strom User3', 3),
('2025-11-10', -40.0, 'Wasser User3', 3),
('2025-11-11', -700.0, 'Miete User3', 3),
('2025-11-12', -35.0, 'Internet User3', 3),
('2025-11-13', -20.0, 'Handy User3', 3),
('2025-11-14', -55.0, 'Tanken User3', 3),
('2025-11-15', -40.0, 'Restaurant User3', 3),
('2025-11-16', -6.0, 'Kaffee User3', 3),
('2025-11-17', -3.0, 'ÖPNV User3', 3),
('2025-11-18', -10.0, 'Abo: Musik User3', 3),
('2025-11-19', -90.0, 'Supermarkt User3', 3),
('2025-11-20', -100.0, 'Versicherungen User3', 3),
('2025-11-21', -60.0, 'Kleidung User3', 3),
('2025-11-22', -50.0, 'Geschenke User3', 3),
('2025-11-23', -15.0, 'Kino User3', 3),
('2025-11-24', -60.0, 'Tanken User3', 3),
('2025-11-25', -45.0, 'Restaurant User3', 3),
('2025-11-26', -5.0, 'Kaffee User3', 3),
('2025-11-27', -3.0, 'ÖPNV User3', 3),
('2025-11-28', -20.0, 'Abo: Software User3', 3),
('2025-11-29', -85.0, 'Supermarkt User3', 3),
('2025-11-30', -500.0, 'Sparen User3', 3),
('2025-12-01', 3000.0, 'Gehalt User3', 3),
('2025-12-02', -50.0, 'Tanken User3', 3),
('2025-12-03', -30.0, 'Restaurant User3', 3),
('2025-12-04', -5.0, 'Kaffee User3', 3),
('2025-12-05', -3.0, 'ÖPNV User3', 3),
('2025-12-06', -12.0, 'Abo: Streaming User3', 3),
('2025-12-07', -80.0, 'Supermarkt User3', 3),
('2025-12-08', -25.0, 'Fitnessstudio User3', 3),
('2025-12-09', -60.0, 'Strom User3', 3),
('2025-12-10', -40.0, 'Wasser User3', 3),
('2025-12-11', -700.0, 'Miete User3', 3),
('2025-12-12', -35.0, 'Internet User3', 3),
('2025-12-13', -20.0, 'Handy User3', 3),
('2025-12-14', -55.0, 'Tanken User3', 3),
('2025-12-15', -40.0, 'Restaurant User3', 3),
('2025-12-16', -6.0, 'Kaffee User3', 3),
('2025-12-17', -3.0, 'ÖPNV User3', 3),
('2025-12-18', -10.0, 'Abo: Musik User3', 3),
('2025-12-19', -90.0, 'Supermarkt User3', 3),
('2025-12-20', -100.0, 'Versicherungen User3', 3),
('2025-12-21', -60.0, 'Kleidung User3', 3),
('2025-12-22', -50.0, 'Geschenke User3', 3),
('2025-12-23', -15.0, 'Kino User3', 3),
('2025-12-24', -60.0, 'Tanken User3', 3),
('2025-12-25', -45.0, 'Restaurant User3', 3),
('2025-12-26', -5.0, 'Kaffee User3', 3),
('2025-12-27', -3.0, 'ÖPNV User3', 3),
('2025-12-28', -20.0, 'Abo: Software User3', 3),
('2025-12-29', -85.0, 'Supermarkt User3', 3),
('2025-12-30', -500.0, 'Sparen User3', 3);

CREATE TABLE Entries4 (
    Id INTEGER PRIMARY KEY AUTOINCREMENT,
    Datum DATE NOT NULL,
    Betrag REAL NOT NULL,
    Name TEXT NOT NULL,
    UserId INTEGER NOT NULL,
    FOREIGN KEY (UserId) REFERENCES Users(Id)
);

INSERT INTO Entries4 (Datum, Betrag, Name, UserId) VALUES
('2025-01-01', 3000.0, 'Gehalt User4', 4),
('2025-01-02', -50.0, 'Tanken User4', 4),
('2025-01-03', -30.0, 'Restaurant User4', 4),
('2025-01-04', -5.0, 'Kaffee User4', 4),
('2025-01-05', -3.0, 'ÖPNV User4', 4),
('2025-01-06', -12.0, 'Abo: Streaming User4', 4),
('2025-01-07', -80.0, 'Supermarkt User4', 4),
('2025-01-08', -25.0, 'Fitnessstudio User4', 4),
('2025-01-09', -60.0, 'Strom User4', 4),
('2025-01-10', -40.0, 'Wasser User4', 4),
('2025-01-11', -700.0, 'Miete User4', 4),
('2025-01-12', -35.0, 'Internet User4', 4),
('2025-01-13', -20.0, 'Handy User4', 4),
('2025-01-14', -55.0, 'Tanken User4', 4),
('2025-01-15', -40.0, 'Restaurant User4', 4),
('2025-01-16', -6.0, 'Kaffee User4', 4),
('2025-01-17', -3.0, 'ÖPNV User4', 4),
('2025-01-18', -10.0, 'Abo: Musik User4', 4),
('2025-01-19', -90.0, 'Supermarkt User4', 4),
('2025-01-20', -100.0, 'Versicherungen User4', 4),
('2025-01-21', -60.0, 'Kleidung User4', 4),
('2025-01-22', -50.0, 'Geschenke User4', 4),
('2025-01-23', -15.0, 'Kino User4', 4),
('2025-01-24', -60.0, 'Tanken User4', 4),
('2025-01-25', -45.0, 'Restaurant User4', 4),
('2025-01-26', -5.0, 'Kaffee User4', 4),
('2025-01-27', -3.0, 'ÖPNV User4', 4),
('2025-01-28', -20.0, 'Abo: Software User4', 4),
('2025-01-29', -85.0, 'Supermarkt User4', 4),
('2025-01-30', -500.0, 'Sparen User4', 4),
('2025-02-01', 3000.0, 'Gehalt User4', 4),
('2025-02-02', -50.0, 'Tanken User4', 4),
('2025-02-03', -30.0, 'Restaurant User4', 4),
('2025-02-04', -5.0, 'Kaffee User4', 4),
('2025-02-05', -3.0, 'ÖPNV User4', 4),
('2025-02-06', -12.0, 'Abo: Streaming User4', 4),
('2025-02-07', -80.0, 'Supermarkt User4', 4),
('2025-02-08', -25.0, 'Fitnessstudio User4', 4),
('2025-02-09', -60.0, 'Strom User4', 4),
('2025-02-10', -40.0, 'Wasser User4', 4),
('2025-02-11', -700.0, 'Miete User4', 4),
('2025-02-12', -35.0, 'Internet User4', 4),
('2025-02-13', -20.0, 'Handy User4', 4),
('2025-02-14', -55.0, 'Tanken User4', 4),
('2025-02-15', -40.0, 'Restaurant User4', 4),
('2025-02-16', -6.0, 'Kaffee User4', 4),
('2025-02-17', -3.0, 'ÖPNV User4', 4),
('2025-02-18', -10.0, 'Abo: Musik User4', 4),
('2025-02-19', -90.0, 'Supermarkt User4', 4),
('2025-02-20', -100.0, 'Versicherungen User4', 4),
('2025-02-21', -60.0, 'Kleidung User4', 4),
('2025-02-22', -50.0, 'Geschenke User4', 4),
('2025-02-23', -15.0, 'Kino User4', 4),
('2025-02-24', -60.0, 'Tanken User4', 4),
('2025-02-25', -45.0, 'Restaurant User4', 4),
('2025-02-26', -5.0, 'Kaffee User4', 4),
('2025-02-27', -3.0, 'ÖPNV User4', 4),
('2025-02-28', -20.0, 'Abo: Software User4', 4),
('2025-02-28', -85.0, 'Supermarkt User4', 4),
('2025-02-28', -500.0, 'Sparen User4', 4),
('2025-03-01', 3000.0, 'Gehalt User4', 4),
('2025-03-02', -50.0, 'Tanken User4', 4),
('2025-03-03', -30.0, 'Restaurant User4', 4),
('2025-03-04', -5.0, 'Kaffee User4', 4),
('2025-03-05', -3.0, 'ÖPNV User4', 4),
('2025-03-06', -12.0, 'Abo: Streaming User4', 4),
('2025-03-07', -80.0, 'Supermarkt User4', 4),
('2025-03-08', -25.0, 'Fitnessstudio User4', 4),
('2025-03-09', -60.0, 'Strom User4', 4),
('2025-03-10', -40.0, 'Wasser User4', 4),
('2025-03-11', -700.0, 'Miete User4', 4),
('2025-03-12', -35.0, 'Internet User4', 4),
('2025-03-13', -20.0, 'Handy User4', 4),
('2025-03-14', -55.0, 'Tanken User4', 4),
('2025-03-15', -40.0, 'Restaurant User4', 4),
('2025-03-16', -6.0, 'Kaffee User4', 4),
('2025-03-17', -3.0, 'ÖPNV User4', 4),
('2025-03-18', -10.0, 'Abo: Musik User4', 4),
('2025-03-19', -90.0, 'Supermarkt User4', 4),
('2025-03-20', -100.0, 'Versicherungen User4', 4),
('2025-03-21', -60.0, 'Kleidung User4', 4),
('2025-03-22', -50.0, 'Geschenke User4', 4),
('2025-03-23', -15.0, 'Kino User4', 4),
('2025-03-24', -60.0, 'Tanken User4', 4),
('2025-03-25', -45.0, 'Restaurant User4', 4),
('2025-03-26', -5.0, 'Kaffee User4', 4),
('2025-03-27', -3.0, 'ÖPNV User4', 4),
('2025-03-28', -20.0, 'Abo: Software User4', 4),
('2025-03-29', -85.0, 'Supermarkt User4', 4),
('2025-03-30', -500.0, 'Sparen User4', 4),
('2025-04-01', 3000.0, 'Gehalt User4', 4),
('2025-04-02', -50.0, 'Tanken User4', 4),
('2025-04-03', -30.0, 'Restaurant User4', 4),
('2025-04-04', -5.0, 'Kaffee User4', 4),
('2025-04-05', -3.0, 'ÖPNV User4', 4),
('2025-04-06', -12.0, 'Abo: Streaming User4', 4),
('2025-04-07', -80.0, 'Supermarkt User4', 4),
('2025-04-08', -25.0, 'Fitnessstudio User4', 4),
('2025-04-09', -60.0, 'Strom User4', 4),
('2025-04-10', -40.0, 'Wasser User4', 4),
('2025-04-11', -700.0, 'Miete User4', 4),
('2025-04-12', -35.0, 'Internet User4', 4),
('2025-04-13', -20.0, 'Handy User4', 4),
('2025-04-14', -55.0, 'Tanken User4', 4),
('2025-04-15', -40.0, 'Restaurant User4', 4),
('2025-04-16', -6.0, 'Kaffee User4', 4),
('2025-04-17', -3.0, 'ÖPNV User4', 4),
('2025-04-18', -10.0, 'Abo: Musik User4', 4),
('2025-04-19', -90.0, 'Supermarkt User4', 4),
('2025-04-20', -100.0, 'Versicherungen User4', 4),
('2025-04-21', -60.0, 'Kleidung User4', 4),
('2025-04-22', -50.0, 'Geschenke User4', 4),
('2025-04-23', -15.0, 'Kino User4', 4),
('2025-04-24', -60.0, 'Tanken User4', 4),
('2025-04-25', -45.0, 'Restaurant User4', 4),
('2025-04-26', -5.0, 'Kaffee User4', 4),
('2025-04-27', -3.0, 'ÖPNV User4', 4),
('2025-04-28', -20.0, 'Abo: Software User4', 4),
('2025-04-29', -85.0, 'Supermarkt User4', 4),
('2025-04-30', -500.0, 'Sparen User4', 4),
('2025-05-01', 3000.0, 'Gehalt User4', 4),
('2025-05-02', -50.0, 'Tanken User4', 4),
('2025-05-03', -30.0, 'Restaurant User4', 4),
('2025-05-04', -5.0, 'Kaffee User4', 4),
('2025-05-05', -3.0, 'ÖPNV User4', 4),
('2025-05-06', -12.0, 'Abo: Streaming User4', 4),
('2025-05-07', -80.0, 'Supermarkt User4', 4),
('2025-05-08', -25.0, 'Fitnessstudio User4', 4),
('2025-05-09', -60.0, 'Strom User4', 4),
('2025-05-10', -40.0, 'Wasser User4', 4),
('2025-05-11', -700.0, 'Miete User4', 4),
('2025-05-12', -35.0, 'Internet User4', 4),
('2025-05-13', -20.0, 'Handy User4', 4),
('2025-05-14', -55.0, 'Tanken User4', 4),
('2025-05-15', -40.0, 'Restaurant User4', 4),
('2025-05-16', -6.0, 'Kaffee User4', 4),
('2025-05-17', -3.0, 'ÖPNV User4', 4),
('2025-05-18', -10.0, 'Abo: Musik User4', 4),
('2025-05-19', -90.0, 'Supermarkt User4', 4),
('2025-05-20', -100.0, 'Versicherungen User4', 4),
('2025-05-21', -60.0, 'Kleidung User4', 4),
('2025-05-22', -50.0, 'Geschenke User4', 4),
('2025-05-23', -15.0, 'Kino User4', 4),
('2025-05-24', -60.0, 'Tanken User4', 4),
('2025-05-25', -45.0, 'Restaurant User4', 4),
('2025-05-26', -5.0, 'Kaffee User4', 4),
('2025-05-27', -3.0, 'ÖPNV User4', 4),
('2025-05-28', -20.0, 'Abo: Software User4', 4),
('2025-05-29', -85.0, 'Supermarkt User4', 4),
('2025-05-30', -500.0, 'Sparen User4', 4),
('2025-06-01', 3000.0, 'Gehalt User4', 4),
('2025-06-02', -50.0, 'Tanken User4', 4),
('2025-06-03', -30.0, 'Restaurant User4', 4),
('2025-06-04', -5.0, 'Kaffee User4', 4),
('2025-06-05', -3.0, 'ÖPNV User4', 4),
('2025-06-06', -12.0, 'Abo: Streaming User4', 4),
('2025-06-07', -80.0, 'Supermarkt User4', 4),
('2025-06-08', -25.0, 'Fitnessstudio User4', 4),
('2025-06-09', -60.0, 'Strom User4', 4),
('2025-06-10', -40.0, 'Wasser User4', 4),
('2025-06-11', -700.0, 'Miete User4', 4),
('2025-06-12', -35.0, 'Internet User4', 4),
('2025-06-13', -20.0, 'Handy User4', 4),
('2025-06-14', -55.0, 'Tanken User4', 4),
('2025-06-15', -40.0, 'Restaurant User4', 4),
('2025-06-16', -6.0, 'Kaffee User4', 4),
('2025-06-17', -3.0, 'ÖPNV User4', 4),
('2025-06-18', -10.0, 'Abo: Musik User4', 4),
('2025-06-19', -90.0, 'Supermarkt User4', 4),
('2025-06-20', -100.0, 'Versicherungen User4', 4),
('2025-06-21', -60.0, 'Kleidung User4', 4),
('2025-06-22', -50.0, 'Geschenke User4', 4),
('2025-06-23', -15.0, 'Kino User4', 4),
('2025-06-24', -60.0, 'Tanken User4', 4),
('2025-06-25', -45.0, 'Restaurant User4', 4),
('2025-06-26', -5.0, 'Kaffee User4', 4),
('2025-06-27', -3.0, 'ÖPNV User4', 4),
('2025-06-28', -20.0, 'Abo: Software User4', 4),
('2025-06-29', -85.0, 'Supermarkt User4', 4),
('2025-06-30', -500.0, 'Sparen User4', 4),
('2025-07-01', 3000.0, 'Gehalt User4', 4),
('2025-07-02', -50.0, 'Tanken User4', 4),
('2025-07-03', -30.0, 'Restaurant User4', 4),
('2025-07-04', -5.0, 'Kaffee User4', 4),
('2025-07-05', -3.0, 'ÖPNV User4', 4),
('2025-07-06', -12.0, 'Abo: Streaming User4', 4),
('2025-07-07', -80.0, 'Supermarkt User4', 4),
('2025-07-08', -25.0, 'Fitnessstudio User4', 4),
('2025-07-09', -60.0, 'Strom User4', 4),
('2025-07-10', -40.0, 'Wasser User4', 4),
('2025-07-11', -700.0, 'Miete User4', 4),
('2025-07-12', -35.0, 'Internet User4', 4),
('2025-07-13', -20.0, 'Handy User4', 4),
('2025-07-14', -55.0, 'Tanken User4', 4),
('2025-07-15', -40.0, 'Restaurant User4', 4),
('2025-07-16', -6.0, 'Kaffee User4', 4),
('2025-07-17', -3.0, 'ÖPNV User4', 4),
('2025-07-18', -10.0, 'Abo: Musik User4', 4),
('2025-07-19', -90.0, 'Supermarkt User4', 4),
('2025-07-20', -100.0, 'Versicherungen User4', 4),
('2025-07-21', -60.0, 'Kleidung User4', 4),
('2025-07-22', -50.0, 'Geschenke User4', 4),
('2025-07-23', -15.0, 'Kino User4', 4),
('2025-07-24', -60.0, 'Tanken User4', 4),
('2025-07-25', -45.0, 'Restaurant User4', 4),
('2025-07-26', -5.0, 'Kaffee User4', 4),
('2025-07-27', -3.0, 'ÖPNV User4', 4),
('2025-07-28', -20.0, 'Abo: Software User4', 4),
('2025-07-29', -85.0, 'Supermarkt User4', 4),
('2025-07-30', -500.0, 'Sparen User4', 4),
('2025-08-01', 3000.0, 'Gehalt User4', 4),
('2025-08-02', -50.0, 'Tanken User4', 4),
('2025-08-03', -30.0, 'Restaurant User4', 4),
('2025-08-04', -5.0, 'Kaffee User4', 4),
('2025-08-05', -3.0, 'ÖPNV User4', 4),
('2025-08-06', -12.0, 'Abo: Streaming User4', 4),
('2025-08-07', -80.0, 'Supermarkt User4', 4),
('2025-08-08', -25.0, 'Fitnessstudio User4', 4),
('2025-08-09', -60.0, 'Strom User4', 4),
('2025-08-10', -40.0, 'Wasser User4', 4),
('2025-08-11', -700.0, 'Miete User4', 4),
('2025-08-12', -35.0, 'Internet User4', 4),
('2025-08-13', -20.0, 'Handy User4', 4),
('2025-08-14', -55.0, 'Tanken User4', 4),
('2025-08-15', -40.0, 'Restaurant User4', 4),
('2025-08-16', -6.0, 'Kaffee User4', 4),
('2025-08-17', -3.0, 'ÖPNV User4', 4),
('2025-08-18', -10.0, 'Abo: Musik User4', 4),
('2025-08-19', -90.0, 'Supermarkt User4', 4),
('2025-08-20', -100.0, 'Versicherungen User4', 4),
('2025-08-21', -60.0, 'Kleidung User4', 4),
('2025-08-22', -50.0, 'Geschenke User4', 4),
('2025-08-23', -15.0, 'Kino User4', 4),
('2025-08-24', -60.0, 'Tanken User4', 4),
('2025-08-25', -45.0, 'Restaurant User4', 4),
('2025-08-26', -5.0, 'Kaffee User4', 4),
('2025-08-27', -3.0, 'ÖPNV User4', 4),
('2025-08-28', -20.0, 'Abo: Software User4', 4),
('2025-08-29', -85.0, 'Supermarkt User4', 4),
('2025-08-30', -500.0, 'Sparen User4', 4),
('2025-09-01', 3000.0, 'Gehalt User4', 4),
('2025-09-02', -50.0, 'Tanken User4', 4),
('2025-09-03', -30.0, 'Restaurant User4', 4),
('2025-09-04', -5.0, 'Kaffee User4', 4),
('2025-09-05', -3.0, 'ÖPNV User4', 4),
('2025-09-06', -12.0, 'Abo: Streaming User4', 4),
('2025-09-07', -80.0, 'Supermarkt User4', 4),
('2025-09-08', -25.0, 'Fitnessstudio User4', 4),
('2025-09-09', -60.0, 'Strom User4', 4),
('2025-09-10', -40.0, 'Wasser User4', 4),
('2025-09-11', -700.0, 'Miete User4', 4),
('2025-09-12', -35.0, 'Internet User4', 4),
('2025-09-13', -20.0, 'Handy User4', 4),
('2025-09-14', -55.0, 'Tanken User4', 4),
('2025-09-15', -40.0, 'Restaurant User4', 4),
('2025-09-16', -6.0, 'Kaffee User4', 4),
('2025-09-17', -3.0, 'ÖPNV User4', 4),
('2025-09-18', -10.0, 'Abo: Musik User4', 4),
('2025-09-19', -90.0, 'Supermarkt User4', 4),
('2025-09-20', -100.0, 'Versicherungen User4', 4),
('2025-09-21', -60.0, 'Kleidung User4', 4),
('2025-09-22', -50.0, 'Geschenke User4', 4),
('2025-09-23', -15.0, 'Kino User4', 4),
('2025-09-24', -60.0, 'Tanken User4', 4),
('2025-09-25', -45.0, 'Restaurant User4', 4),
('2025-09-26', -5.0, 'Kaffee User4', 4),
('2025-09-27', -3.0, 'ÖPNV User4', 4),
('2025-09-28', -20.0, 'Abo: Software User4', 4),
('2025-09-29', -85.0, 'Supermarkt User4', 4),
('2025-09-30', -500.0, 'Sparen User4', 4),
('2025-10-01', 3000.0, 'Gehalt User4', 4),
('2025-10-02', -50.0, 'Tanken User4', 4),
('2025-10-03', -30.0, 'Restaurant User4', 4),
('2025-10-04', -5.0, 'Kaffee User4', 4),
('2025-10-05', -3.0, 'ÖPNV User4', 4),
('2025-10-06', -12.0, 'Abo: Streaming User4', 4),
('2025-10-07', -80.0, 'Supermarkt User4', 4),
('2025-10-08', -25.0, 'Fitnessstudio User4', 4),
('2025-10-09', -60.0, 'Strom User4', 4),
('2025-10-10', -40.0, 'Wasser User4', 4),
('2025-10-11', -700.0, 'Miete User4', 4),
('2025-10-12', -35.0, 'Internet User4', 4),
('2025-10-13', -20.0, 'Handy User4', 4),
('2025-10-14', -55.0, 'Tanken User4', 4),
('2025-10-15', -40.0, 'Restaurant User4', 4),
('2025-10-16', -6.0, 'Kaffee User4', 4),
('2025-10-17', -3.0, 'ÖPNV User4', 4),
('2025-10-18', -10.0, 'Abo: Musik User4', 4),
('2025-10-19', -90.0, 'Supermarkt User4', 4),
('2025-10-20', -100.0, 'Versicherungen User4', 4),
('2025-10-21', -60.0, 'Kleidung User4', 4),
('2025-10-22', -50.0, 'Geschenke User4', 4),
('2025-10-23', -15.0, 'Kino User4', 4),
('2025-10-24', -60.0, 'Tanken User4', 4),
('2025-10-25', -45.0, 'Restaurant User4', 4),
('2025-10-26', -5.0, 'Kaffee User4', 4),
('2025-10-27', -3.0, 'ÖPNV User4', 4),
('2025-10-28', -20.0, 'Abo: Software User4', 4),
('2025-10-29', -85.0, 'Supermarkt User4', 4),
('2025-10-30', -500.0, 'Sparen User4', 4),
('2025-11-01', 3000.0, 'Gehalt User4', 4),
('2025-11-02', -50.0, 'Tanken User4', 4),
('2025-11-03', -30.0, 'Restaurant User4', 4),
('2025-11-04', -5.0, 'Kaffee User4', 4),
('2025-11-05', -3.0, 'ÖPNV User4', 4),
('2025-11-06', -12.0, 'Abo: Streaming User4', 4),
('2025-11-07', -80.0, 'Supermarkt User4', 4),
('2025-11-08', -25.0, 'Fitnessstudio User4', 4),
('2025-11-09', -60.0, 'Strom User4', 4),
('2025-11-10', -40.0, 'Wasser User4', 4),
('2025-11-11', -700.0, 'Miete User4', 4),
('2025-11-12', -35.0, 'Internet User4', 4),
('2025-11-13', -20.0, 'Handy User4', 4),
('2025-11-14', -55.0, 'Tanken User4', 4),
('2025-11-15', -40.0, 'Restaurant User4', 4),
('2025-11-16', -6.0, 'Kaffee User4', 4),
('2025-11-17', -3.0, 'ÖPNV User4', 4),
('2025-11-18', -10.0, 'Abo: Musik User4', 4),
('2025-11-19', -90.0, 'Supermarkt User4', 4),
('2025-11-20', -100.0, 'Versicherungen User4', 4),
('2025-11-21', -60.0, 'Kleidung User4', 4),
('2025-11-22', -50.0, 'Geschenke User4', 4),
('2025-11-23', -15.0, 'Kino User4', 4),
('2025-11-24', -60.0, 'Tanken User4', 4),
('2025-11-25', -45.0, 'Restaurant User4', 4),
('2025-11-26', -5.0, 'Kaffee User4', 4),
('2025-11-27', -3.0, 'ÖPNV User4', 4),
('2025-11-28', -20.0, 'Abo: Software User4', 4),
('2025-11-29', -85.0, 'Supermarkt User4', 4),
('2025-11-30', -500.0, 'Sparen User4', 4),
('2025-12-01', 3000.0, 'Gehalt User4', 4),
('2025-12-02', -50.0, 'Tanken User4', 4),
('2025-12-03', -30.0, 'Restaurant User4', 4),
('2025-12-04', -5.0, 'Kaffee User4', 4),
('2025-12-05', -3.0, 'ÖPNV User4', 4),
('2025-12-06', -12.0, 'Abo: Streaming User4', 4),
('2025-12-07', -80.0, 'Supermarkt User4', 4),
('2025-12-08', -25.0, 'Fitnessstudio User4', 4),
('2025-12-09', -60.0, 'Strom User4', 4),
('2025-12-10', -40.0, 'Wasser User4', 4),
('2025-12-11', -700.0, 'Miete User4', 4),
('2025-12-12', -35.0, 'Internet User4', 4),
('2025-12-13', -20.0, 'Handy User4', 4),
('2025-12-14', -55.0, 'Tanken User4', 4),
('2025-12-15', -40.0, 'Restaurant User4', 4),
('2025-12-16', -6.0, 'Kaffee User4', 4),
('2025-12-17', -3.0, 'ÖPNV User4', 4),
('2025-12-18', -10.0, 'Abo: Musik User4', 4),
('2025-12-19', -90.0, 'Supermarkt User4', 4),
('2025-12-20', -100.0, 'Versicherungen User4', 4),
('2025-12-21', -60.0, 'Kleidung User4', 4),
('2025-12-22', -50.0, 'Geschenke User4', 4),
('2025-12-23', -15.0, 'Kino User4', 4),
('2025-12-24', -60.0, 'Tanken User4', 4),
('2025-12-25', -45.0, 'Restaurant User4', 4),
('2025-12-26', -5.0, 'Kaffee User4', 4),
('2025-12-27', -3.0, 'ÖPNV User4', 4),
('2025-12-28', -20.0, 'Abo: Software User4', 4),
('2025-12-29', -85.0, 'Supermarkt User4', 4),
('2025-12-30', -500.0, 'Sparen User4', 4);

COMMIT;